Название остановки,Статус наличия,Цвет,Номер экземпляра,Количество в базе,Найдено,Не хватает,Адреса/стороны,Сторона/адрес экземпляра,Статус координат,Источник координат,№ в таблице,Дата,Время,Адрес из таблицы,Комментарий,Есть проблема,lat,lon,Ссылка Яндекс
3-й переулок Декабристов,найдена,green,1,2,2,0,ул. Сумская / четная; ул. Сумская / нечетная,ул. Сумская / четная,HubbMap: можно использовать,HubbMap,1,02.06.2026,10:40,ул. Сумская / четная; ул. Сумская / нечетная,Работает в штатном режиме,нет,50.6310620,36.4877690,"https://yandex.ru/maps/?ll=36.4877690%2C50.6310620&z=18&pt=36.4877690%2C50.6310620,pm2rdm"
3-й переулок Декабристов,найдена,green,2,2,2,0,ул. Сумская / четная; ул. Сумская / нечетная,ул. Сумская / нечетная,HubbMap: можно использовать,HubbMap,2,02.06.2026,11:14,ул. Сумская / четная; ул. Сумская / нечетная,Работает в штатном режиме,нет,50.6302390,36.4886330,"https://yandex.ru/maps/?ll=36.4886330%2C50.6302390&z=18&pt=36.4886330%2C50.6302390,pm2rdm"
4-й Микрорайон,найдена,green,1,2,2,0,ул. Костюкова / нечетная; ул. Костюкова / четная,ул. Костюкова / нечетная,HubbMap: можно использовать,HubbMap,3,01.06.2026,12:39,ул. Костюкова / нечетная; ул. Костюкова / четная,Работает в штатном режиме,нет,50.5783820,36.5860820,"https://yandex.ru/maps/?ll=36.5860820%2C50.5783820&z=18&pt=36.5860820%2C50.5783820,pm2rdm"
4-й Микрорайон,найдена,orange,2,2,2,0,ул. Костюкова / нечетная; ул. Костюкова / четная,ул. Костюкова / четная,HubbMap: можно использовать,HubbMap,4,01.06.2026,12:40,ул. Костюкова / нечетная; ул. Костюкова / четная,Отсутствует задняя крышка электрощитка. работает в штатном режиме,да,50.5781320,36.5866980,"https://yandex.ru/maps/?ll=36.5866980%2C50.5781320&z=18&pt=36.5866980%2C50.5781320,pm2rdm"
4-й Мирный переулок,найдена,orange,1,2,2,0,ул. Сумская / четная; ул. Сумская / нечетная,ул. Сумская / четная,HubbMap: можно использовать,HubbMap,5,02.06.2026,10:17,ул. Сумская / четная; ул. Сумская / нечетная,"После коммутации освещение перестало работать, до этого свет горел постоянно",да,50.6184400,36.5208080,"https://yandex.ru/maps/?ll=36.5208080%2C50.6184400&z=18&pt=36.5208080%2C50.6184400,pm2rdm"
4-й Мирный переулок,найдена,green,2,2,2,0,ул. Сумская / четная; ул. Сумская / нечетная,ул. Сумская / нечетная,HubbMap: можно использовать,HubbMap,6,02.06.2026,11:29,ул. Сумская / четная; ул. Сумская / нечетная,Работает в штатном режиме,нет,50.6178800,36.5218830,"https://yandex.ru/maps/?ll=36.5218830%2C50.6178800&z=18&pt=36.5218830%2C50.6178800,pm2rdm"
4-й Северный переулок,найдена,orange,1,2,2,0,ул. Сумская / четная; ул. Сумская / нечетная,ул. Сумская / четная,HubbMap: можно использовать,HubbMap,7,02.06.2026,10:21,ул. Сумская / четная; ул. Сумская / нечетная,"Питание есть, освещение не работает",да,50.6217280,36.5101390,"https://yandex.ru/maps/?ll=36.5101390%2C50.6217280&z=18&pt=36.5101390%2C50.6217280,pm2rdm"
4-й Северный переулок,найдена,orange,2,2,2,0,ул. Сумская / четная; ул. Сумская / нечетная,ул. Сумская / нечетная,HubbMap: можно использовать,HubbMap,8,02.06.2026,11:25,ул. Сумская / четная; ул. Сумская / нечетная,Освещение горит постоянно. Монитор не работает,да,50.6211710,36.5111970,"https://yandex.ru/maps/?ll=36.5111970%2C50.6211710&z=18&pt=36.5111970%2C50.6211710,pm2rdm"
АЗС,найдена,green,1,1,1,0,Красноармейская / нечетная,Красноармейская / нечетная,HubbMap: можно использовать,HubbMap,9,01.06.2026,11:47,Красноармейская / нечетная,Работает в штатном режиме,нет,50.5870330,36.5594720,"https://yandex.ru/maps/?ll=36.5594720%2C50.5870330&z=18&pt=36.5594720%2C50.5870330,pm2rdm"
Аэропорт,найдена,green,1,1,1,0,пр-кт Б. Хмельницкого / четная,пр-кт Б. Хмельницкого / четная,HubbMap: можно использовать,HubbMap,10,01.06.2026,11:24,пр-кт Б. Хмельницкого / четная,Работает в штатном режиме,нет,50.6455100,36.5681610,"https://yandex.ru/maps/?ll=36.5681610%2C50.6455100&z=18&pt=36.5681610%2C50.6455100,pm2rdm"
Белгородского полка,найдена,green,1,1,1,0,ул. Преображенская / четная,ул. Преображенская / четная,HubbMap: можно использовать,HubbMap,11,02.06.2026,10:50,ул. Преображенская / четная,Работает в штатном режиме,нет,50.5967780,36.6037010,"https://yandex.ru/maps/?ll=36.6037010%2C50.5967780&z=18&pt=36.6037010%2C50.5967780,pm2rdm"
БелГУ,найдена,green,1,1,1,0,пр-кт Б. Хмельницкого / четная,пр-кт Б. Хмельницкого / четная,HubbMap: можно использовать,HubbMap,12,01.06.2026,14:35,пр-кт Б. Хмельницкого / четная,Работает в штатном режиме,нет,50.6198970,36.5761690,"https://yandex.ru/maps/?ll=36.5761690%2C50.6198970&z=18&pt=36.5761690%2C50.6198970,pm2rdm"
Белрыба,найдена,orange,1,2,2,0,ул. Волчанская / четная; ул. Волчанская / нечетная,ул. Волчанская / четная,можно брать из OSM после проверки стороны,OSM,13,29.05.2026,13:23,ул. Волчанская / четная; ул. Волчанская / нечетная,Частично не работает освещение,да,50.5406967,36.6608514,"https://yandex.ru/maps/?ll=36.6608514%2C50.5406967&z=18&pt=36.6608514%2C50.5406967,pm2rdm"
Белрыба,найдена,orange,2,2,2,0,ул. Волчанская / четная; ул. Волчанская / нечетная,ул. Волчанская / нечетная,можно брать из OSM после проверки стороны,OSM,14,29.05.2026,13:28,ул. Волчанская / четная; ул. Волчанская / нечетная,Частично не работает освещение. разбито стекло,да,50.5415523,36.6571829,"https://yandex.ru/maps/?ll=36.6571829%2C50.5415523&z=18&pt=36.6571829%2C50.5415523,pm2rdm"
Восточная,найдена,orange,1,1,1,0,ул. Губкина / четная,ул. Губкина / четная,HubbMap: можно использовать,HubbMap,15,01.06.2026,14:08,ул. Губкина / четная,Нет питания,да,50.5764000,36.5463260,"https://yandex.ru/maps/?ll=36.5463260%2C50.5764000&z=18&pt=36.5463260%2C50.5764000,pm2rdm"
Гостенская,найдена,green,1,1,1,0,ул. Преображенская / четная,ул. Преображенская / четная,HubbMap: можно использовать,HubbMap,16,01.06.2026,16:48,ул. Преображенская / четная,Работает в штатном режиме,нет,50.6009570,36.5729690,"https://yandex.ru/maps/?ll=36.5729690%2C50.6009570&z=18&pt=36.5729690%2C50.6009570,pm2rdm"
Декабристов,найдена,green,1,2,2,0,ул. Сумская / четная; ул. Сумская / нечетная,ул. Сумская / четная,HubbMap: можно использовать,HubbMap,17,02.06.2026,10:26,ул. Сумская / четная; ул. Сумская / нечетная,Работает в штатном режиме,нет,50.6227200,36.5060900,"https://yandex.ru/maps/?ll=36.5060900%2C50.6227200&z=18&pt=36.5060900%2C50.6227200,pm2rdm"
Декабристов,найдена,green,2,2,2,0,ул. Сумская / четная; ул. Сумская / нечетная,ул. Сумская / нечетная,HubbMap: можно использовать,HubbMap,18,02.06.2026,11:25,ул. Сумская / четная; ул. Сумская / нечетная,Работает в штатном режиме,нет,50.6231110,36.5052730,"https://yandex.ru/maps/?ll=36.5052730%2C50.6231110&z=18&pt=36.5052730%2C50.6231110,pm2rdm"
Детский сад,найдена,green,1,2,2,0,ул. Волчанская / четная; ул. Волчанская / нечетная,ул. Волчанская / четная,HubbMap: можно использовать,HubbMap,19,29.05.2026,15:19,ул. Волчанская / четная; ул. Волчанская / нечетная,Работает в штатном режиме,нет,50.5840780,36.6156330,"https://yandex.ru/maps/?ll=36.6156330%2C50.5840780&z=18&pt=36.6156330%2C50.5840780,pm2rdm"
Детский сад,найдена,orange,2,2,2,0,ул. Волчанская / четная; ул. Волчанская / нечетная,ул. Волчанская / нечетная,HubbMap: можно использовать,HubbMap,20,29.05.2026,15:29,ул. Волчанская / четная; ул. Волчанская / нечетная,"Нет питания, электрощит не закреплен",да,50.5833590,36.6158120,"https://yandex.ru/maps/?ll=36.6158120%2C50.5833590&z=18&pt=36.6158120%2C50.5833590,pm2rdm"
Дом правосудия,найдена,orange,1,2,2,0,ул. Сумская / четная; ул. Сумская / нечетная,ул. Сумская / четная,HubbMap: можно использовать,HubbMap,21,02.06.2026,10:11,ул. Сумская / четная; ул. Сумская / нечетная,"Питание есть, освещение не работает",да,50.6142810,36.5315090,"https://yandex.ru/maps/?ll=36.5315090%2C50.6142810&z=18&pt=36.5315090%2C50.6142810,pm2rdm"
Дом правосудия,найдена,green,2,2,2,0,ул. Сумская / четная; ул. Сумская / нечетная,ул. Сумская / нечетная,HubbMap: можно использовать,HubbMap,22,02.06.2026,11:42,ул. Сумская / четная; ул. Сумская / нечетная,Работает в штатном режиме,нет,50.6145560,36.5316180,"https://yandex.ru/maps/?ll=36.5316180%2C50.6145560&z=18&pt=36.5316180%2C50.6145560,pm2rdm"
ДС Космос,найдена,green,1,1,1,0,ул. Королёва / нечетная,ул. Королёва / нечетная,HubbMap: можно использовать,HubbMap,23,01.06.2026,14:38,ул. Королёва / нечетная,Работает в штатном режиме,нет,50.5727680,36.5788750,"https://yandex.ru/maps/?ll=36.5788750%2C50.5727680&z=18&pt=36.5788750%2C50.5727680,pm2rdm"
ж/д переезд,найдена,orange,1,1,1,0,ул. Корочанская / четная,ул. Корочанская / четная,HubbMap: можно использовать,HubbMap,24,01.06.2026,17:10,ул. Корочанская / четная,"Питание есть, освещение не работает",да,50.6011850,36.6291600,"https://yandex.ru/maps/?ll=36.6291600%2C50.6011850&z=18&pt=36.6291600%2C50.6011850,pm2rdm"
ж/д переезд (ул. К. Заслонова),найдена,green,1,1,1,0,ул. Корочанская / четная,ул. Корочанская / четная,HubbMap: можно использовать,HubbMap,25,01.06.2026,17:09,ул. Корочанская / четная,Работает в штатном режиме,нет,50.6011850,36.6291600,"https://yandex.ru/maps/?ll=36.6291600%2C50.6011850&z=18&pt=36.6291600%2C50.6011850,pm2rdm"
ЖБИ-4,найдена,orange,1,2,2,0,ул. Сумская / четная; ул. Сумская / нечетная,ул. Сумская / четная,HubbMap: можно использовать,HubbMap,26,02.06.2026,09:53,ул. Сумская / четная; ул. Сумская / нечетная,"Питание есть, освещение не работает",да,50.6067430,36.5515110,"https://yandex.ru/maps/?ll=36.5515110%2C50.6067430&z=18&pt=36.5515110%2C50.6067430,pm2rdm"
ЖБИ-4,найдена,green,2,2,2,0,ул. Сумская / четная; ул. Сумская / нечетная,ул. Сумская / нечетная,HubbMap: можно использовать,HubbMap,27,02.06.2026,12:00,ул. Сумская / четная; ул. Сумская / нечетная,Работает в штатном режиме,нет,50.6076000,36.5497930,"https://yandex.ru/maps/?ll=36.5497930%2C50.6076000&z=18&pt=36.5497930%2C50.6076000,pm2rdm"
Завод Новатор,найдена,green,1,2,2,0,ул. Волчанская / четная; ул. Волчанская / нечетная,ул. Волчанская / четная,HubbMap: можно использовать,HubbMap,28,29.05.2026,12:53,ул. Волчанская / четная; ул. Волчанская / нечетная,Работает в штатном режиме,нет,50.5746420,36.6278610,"https://yandex.ru/maps/?ll=36.6278610%2C50.5746420&z=18&pt=36.6278610%2C50.5746420,pm2rdm"
Завод Новатор,найдена,green,2,2,2,0,ул. Волчанская / четная; ул. Волчанская / нечетная,ул. Волчанская / нечетная,HubbMap: можно использовать,HubbMap,29,29.05.2026,15:02,ул. Волчанская / четная; ул. Волчанская / нечетная,Работает в штатном режиме,нет,50.5741410,36.6277250,"https://yandex.ru/maps/?ll=36.6277250%2C50.5741410&z=18&pt=36.6277250%2C50.5741410,pm2rdm"
Завод Фрез,найдена,orange,1,2,2,0,ул. Волчанская / четная; ул. Волчанская / нечетная,ул. Волчанская / четная,HubbMap: можно использовать,HubbMap,30,29.05.2026,13:10,ул. Волчанская / четная; ул. Волчанская / нечетная,"Не работает монитор, освещение работает штатно",да,50.5526110,36.6482570,"https://yandex.ru/maps/?ll=36.6482570%2C50.5526110&z=18&pt=36.6482570%2C50.5526110,pm2rdm"
Завод Фрез,найдена,green,2,2,2,0,ул. Волчанская / четная; ул. Волчанская / нечетная,ул. Волчанская / нечетная,HubbMap: можно использовать,HubbMap,31,29.05.2026,14:02,ул. Волчанская / четная; ул. Волчанская / нечетная,Работает в штатном режиме,нет,50.5535120,36.6478360,"https://yandex.ru/maps/?ll=36.6478360%2C50.5535120&z=18&pt=36.6478360%2C50.5535120,pm2rdm"
ЗМК,найдена,green,1,2,1,1,ул. Волчанская / четная; ул. Волчанская / нечетная,ул. Волчанская / четная,HubbMap: можно использовать,HubbMap,32,29.05.2026,13:49,ул. Волчанская / четная; ул. Волчанская / нечетная,Работает в штатном режиме,нет,50.5460970,36.6520580,"https://yandex.ru/maps/?ll=36.6520580%2C50.5460970&z=18&pt=36.6520580%2C50.5460970,pm2rdm"
ЗМК,не хватает,red,2,2,1,1,ул. Волчанская / четная; ул. Волчанская / нечетная,ул. Волчанская / нечетная,HubbMap: можно использовать,HubbMap,,,,,,нет,50.5466200,36.6518650,"https://yandex.ru/maps/?ll=36.6518650%2C50.5466200&z=18&pt=36.6518650%2C50.5466200,pm2rdm"
Зоопарк,найдена,orange,1,1,1,0,ул. Волчанская / нечетная,ул. Волчанская / нечетная,HubbMap: можно использовать,HubbMap,33,29.05.2026,14:06,ул. Волчанская / нечетная,"Не работает монитор, освещение работает штатно",да,50.5556710,36.6459910,"https://yandex.ru/maps/?ll=36.6459910%2C50.5556710&z=18&pt=36.6459910%2C50.5556710,pm2rdm"
Институт культуры,найдена,green,1,2,2,0,ул. Губкина / четная; ул. Губкина / нечетная,ул. Губкина / четная,HubbMap: можно использовать,HubbMap,34,01.06.2026,14:04,ул. Губкина / четная; ул. Губкина / нечетная,Работает в штатном режиме,нет,50.5734730,36.5523950,"https://yandex.ru/maps/?ll=36.5523950%2C50.5734730&z=18&pt=36.5523950%2C50.5734730,pm2rdm"
Институт культуры,найдена,green,2,2,2,0,ул. Губкина / четная; ул. Губкина / нечетная,ул. Губкина / нечетная,HubbMap: можно использовать,HubbMap,35,01.06.2026,14:14,ул. Губкина / четная; ул. Губкина / нечетная,Работает в штатном режиме,нет,50.5723900,36.5526820,"https://yandex.ru/maps/?ll=36.5526820%2C50.5723900&z=18&pt=36.5526820%2C50.5723900,pm2rdm"
Кинотеатр «Русич»,не хватает,red,1,1,0,1,пр-кт Ватутина / четная,пр-кт Ватутина / четная,HubbMap: можно использовать,HubbMap,,,,,,нет,50.5751870,36.5830190,"https://yandex.ru/maps/?ll=36.5830190%2C50.5751870&z=18&pt=36.5830190%2C50.5751870,pm2rdm"
Криница,найдена,green,1,2,2,0,Магистральная / четная; Магистральная / нечетная,Магистральная / четная,HubbMap: можно использовать,HubbMap,36,01.06.2026,10:52,Магистральная / четная; Магистральная / нечетная,Работает в штатном режиме,нет,50.5688360,36.5270210,"https://yandex.ru/maps/?ll=36.5270210%2C50.5688360&z=18&pt=36.5270210%2C50.5688360,pm2rdm"
Криница,найдена,orange,2,2,2,0,Магистральная / четная; Магистральная / нечетная,Магистральная / нечетная,HubbMap: можно использовать,HubbMap,37,01.06.2026,11:00,Магистральная / четная; Магистральная / нечетная,"Не работает монитор, освещение работает штатно",да,50.5686970,36.5259030,"https://yandex.ru/maps/?ll=36.5259030%2C50.5686970&z=18&pt=36.5259030%2C50.5686970,pm2rdm"
Лесопитомник,найдена,orange,1,2,2,0,ул. Волчанская / четная; ул. Волчанская / нечетная,ул. Волчанская / четная,HubbMap: можно использовать,HubbMap,38,01.06.2026,09:51,ул. Волчанская / четная; ул. Волчанская / нечетная,Освещение горит постоянно.,да,50.5660700,36.6362240,"https://yandex.ru/maps/?ll=36.6362240%2C50.5660700&z=18&pt=36.6362240%2C50.5660700,pm2rdm"
Лесопитомник,найдена,green,2,2,2,0,ул. Волчанская / четная; ул. Волчанская / нечетная,ул. Волчанская / нечетная,HubbMap: можно использовать,HubbMap,39,29.05.2026,13:02,ул. Волчанская / четная; ул. Волчанская / нечетная,Работает в штатном режиме,нет,50.5650280,36.6368140,"https://yandex.ru/maps/?ll=36.6368140%2C50.5650280&z=18&pt=36.6368140%2C50.5650280,pm2rdm"
Лесосклад,не хватает,red,1,1,0,1,ул. Корочанская / нечетная,ул. Корочанская / нечетная,HubbMap: можно использовать,HubbMap,,,,,,нет,50.5953770,36.6290790,"https://yandex.ru/maps/?ll=36.6290790%2C50.5953770&z=18&pt=36.6290790%2C50.5953770,pm2rdm"
Магазин,найдена,green,1,2,2,0,ул. Корочанская / четная; ул. Корочанская / нечетная,ул. Корочанская / четная,HubbMap: можно использовать,HubbMap,40,02.06.2026,13:19,ул. Корочанская / четная; ул. Корочанская / нечетная,Работает в штатном режиме,нет,50.6193420,36.6439790,"https://yandex.ru/maps/?ll=36.6439790%2C50.6193420&z=18&pt=36.6439790%2C50.6193420,pm2rdm"
Магазин,найдена,green,2,2,2,0,ул. Корочанская / четная; ул. Корочанская / нечетная,ул. Корочанская / нечетная,HubbMap: можно использовать,HubbMap,41,02.06.2026,13:28,ул. Корочанская / четная; ул. Корочанская / нечетная,Работает в штатном режиме,нет,50.6189340,36.6429710,"https://yandex.ru/maps/?ll=36.6429710%2C50.6189340&z=18&pt=36.6429710%2C50.6189340,pm2rdm"
Магазин «Океан»,найдена,green,1,2,2,0,ул. Костюкова / четная; ул. Костюкова / нечетная,ул. Костюкова / четная,HubbMap: можно использовать,HubbMap,42,01.06.2026,12:00,ул. Костюкова / четная; ул. Костюкова / нечетная,Работает в штатном режиме,нет,50.5777390,36.5726400,"https://yandex.ru/maps/?ll=36.5726400%2C50.5777390&z=18&pt=36.5726400%2C50.5777390,pm2rdm"
Магазин «Океан»,найдена,green,2,2,2,0,ул. Костюкова / четная; ул. Костюкова / нечетная,ул. Костюкова / нечетная,HubbMap: можно использовать,HubbMap,43,01.06.2026,12:27,ул. Костюкова / четная; ул. Костюкова / нечетная,Работает в штатном режиме,нет,50.5778240,36.5711620,"https://yandex.ru/maps/?ll=36.5711620%2C50.5778240&z=18&pt=36.5711620%2C50.5778240,pm2rdm"
Магазин Титанстрой,найдена,orange,1,2,2,0,ул. Сумская / четная; ул. Сумская / нечетная,ул. Сумская / четная,только адресный ориентир Яндекса,Яндекс Геокодер ориентир,44,02.06.2026,09:45,ул. Сумская / четная; ул. Сумская / нечетная,Нет питания,да,50.6176800,36.5229810,"https://yandex.ru/maps/?ll=36.5229810%2C50.6176800&z=18&pt=36.5229810%2C50.6176800,pm2rdm"
Магазин Титанстрой,найдена,green,2,2,2,0,ул. Сумская / четная; ул. Сумская / нечетная,ул. Сумская / нечетная,только адресный ориентир Яндекса,Яндекс Геокодер ориентир,45,02.06.2026,12:11,ул. Сумская / четная; ул. Сумская / нечетная,Работает в штатном режиме,нет,50.6176800,36.5228070,"https://yandex.ru/maps/?ll=36.5228070%2C50.6176800&z=18&pt=36.5228070%2C50.6176800,pm2rdm"
Мебельный город,найдена,orange,1,2,2,0,ул. Костюкова / четная; ул. Костюкова / нечетная,ул. Костюкова / четная,HubbMap: проверить,HubbMap,46,29.05.2026,15:53,ул. Костюкова / четная; ул. Костюкова / нечетная,"Питание есть, освещение не работает",да,50.5794850,36.6126850,"https://yandex.ru/maps/?ll=36.6126850%2C50.5794850&z=18&pt=36.6126850%2C50.5794850,pm2rdm"
Мебельный город,найдена,green,2,2,2,0,ул. Костюкова / четная; ул. Костюкова / нечетная,ул. Костюкова / нечетная,HubbMap: проверить,HubbMap,47,29.05.2026,16:04,ул. Костюкова / четная; ул. Костюкова / нечетная,Работает в штатном режиме,нет,50.5794640,36.6132490,"https://yandex.ru/maps/?ll=36.6132490%2C50.5794640&z=18&pt=36.6132490%2C50.5794640,pm2rdm"
Михайловское шоссе,найдена,green,1,1,1,0,ул. Волчанская / четная,ул. Волчанская / четная,HubbMap: можно использовать,HubbMap,48,29.05.2026,12:40,ул. Волчанская / четная,Работает в штатном режиме,нет,50.5765120,36.6248020,"https://yandex.ru/maps/?ll=36.6248020%2C50.5765120&z=18&pt=36.6248020%2C50.5765120,pm2rdm"
Мичурина,найдена,green,1,1,1,0,пр-кт Б. Хмельницкого / четная,пр-кт Б. Хмельницкого / четная,HubbMap: можно использовать,HubbMap,49,01.06.2026,15:07,пр-кт Б. Хмельницкого / четная,Работает в штатном режиме,нет,50.6135930,36.5784080,"https://yandex.ru/maps/?ll=36.5784080%2C50.6135930&z=18&pt=36.5784080%2C50.6135930,pm2rdm"
Новая,найдена,green,1,2,2,0,пр-кт Б. Хмельницкого / четная; пр-кт Б. Хмельницкого / нечетная,пр-кт Б. Хмельницкого / четная,HubbMap: проверить,HubbMap,50,01.06.2026,10:41,пр-кт Б. Хмельницкого / четная; пр-кт Б. Хмельницкого / нечетная,Работает в штатном режиме,нет,50.5410620,36.5429690,"https://yandex.ru/maps/?ll=36.5429690%2C50.5410620&z=18&pt=36.5429690%2C50.5410620,pm2rdm"
Новая,найдена,green,2,2,2,0,пр-кт Б. Хмельницкого / четная; пр-кт Б. Хмельницкого / нечетная,пр-кт Б. Хмельницкого / нечетная,HubbMap: проверить,HubbMap,51,01.06.2026,10:52,пр-кт Б. Хмельницкого / четная; пр-кт Б. Хмельницкого / нечетная,Работает в штатном режиме,нет,50.5399120,36.5429720,"https://yandex.ru/maps/?ll=36.5429720%2C50.5399120&z=18&pt=36.5429720%2C50.5399120,pm2rdm"
Памятник,найдена,green,1,3,3,0,ул. Сумская / четная; ул. Сумская / нечетная; Красноармейская / нечетная,ул. Сумская / четная,HubbMap: можно использовать,HubbMap,52,01.06.2026,11:16,ул. Сумская / четная; ул. Сумская / нечетная; Красноармейская / нечетная,Работает в штатном режиме,нет,50.5833400,36.5502160,"https://yandex.ru/maps/?ll=36.5502160%2C50.5833400&z=18&pt=36.5502160%2C50.5833400,pm2rdm"
Памятник,найдена,orange,2,3,3,0,ул. Сумская / четная; ул. Сумская / нечетная; Красноармейская / нечетная,ул. Сумская / нечетная,HubbMap: можно использовать,HubbMap,53,02.06.2026,10:36,ул. Сумская / четная; ул. Сумская / нечетная; Красноармейская / нечетная,"Не работает монитор, освещение работает штатно",да,50.5823405,36.5474165,"https://yandex.ru/maps/?ll=36.5474165%2C50.5823405&z=18&pt=36.5474165%2C50.5823405,pm2rdm"
Памятник,найдена,orange,3,3,3,0,ул. Сумская / четная; ул. Сумская / нечетная; Красноармейская / нечетная,Красноармейская / нечетная,HubbMap: можно использовать,HubbMap,54,02.06.2026,11:19,ул. Сумская / четная; ул. Сумская / нечетная; Красноармейская / нечетная,"Не работает монитор, освещение работает штатно",да,50.6272365,36.4938515,"https://yandex.ru/maps/?ll=36.4938515%2C50.6272365&z=18&pt=36.4938515%2C50.6272365,pm2rdm"
Педучилище,найдена,green,1,1,1,0,ул. Губкина / четная,ул. Губкина / четная,OSM частично совпадает,OSM,55,01.06.2026,13:57,ул. Губкина / четная,Работает в штатном режиме,нет,50.5621872,36.5616973,"https://yandex.ru/maps/?ll=36.5616973%2C50.5621872&z=18&pt=36.5616973%2C50.5621872,pm2rdm"
Пионерские лагеря,найдена,green,1,1,1,0,ул. Волчанская / нечетная,ул. Волчанская / нечетная,HubbMap: можно использовать,HubbMap,56,29.05.2026,13:44,ул. Волчанская / нечетная,Работает в штатном режиме,нет,50.5426410,36.6541560,"https://yandex.ru/maps/?ll=36.6541560%2C50.5426410&z=18&pt=36.6541560%2C50.5426410,pm2rdm"
Подстанция,найдена,green,1,1,1,0,ул. Губкина / нечетная,ул. Губкина / нечетная,HubbMap: можно использовать,HubbMap,57,01.06.2026,12:58,ул. Губкина / нечетная,Работает в штатном режиме,нет,50.5757750,36.5962690,"https://yandex.ru/maps/?ll=36.5962690%2C50.5757750&z=18&pt=36.5962690%2C50.5757750,pm2rdm"
пр-кт Ватутина,найдена,green,1,2,2,0,ул. Губкина / четная; ул. Губкина / нечетная,ул. Губкина / четная,HubbMap: можно использовать,HubbMap,58,01.06.2026,13:08,ул. Губкина / четная; ул. Губкина / нечетная,Работает в штатном режиме,нет,50.5674190,36.5826500,"https://yandex.ru/maps/?ll=36.5826500%2C50.5674190&z=18&pt=36.5826500%2C50.5674190,pm2rdm"
пр-кт Ватутина,найдена,orange,2,2,2,0,ул. Губкина / четная; ул. Губкина / нечетная,ул. Губкина / нечетная,HubbMap: можно использовать,HubbMap,59,01.06.2026,13:42,ул. Губкина / четная; ул. Губкина / нечетная,"Разбито стекло. отсутствует корпус логотипа остановки, работает штатно.",да,50.5676180,36.5865310,"https://yandex.ru/maps/?ll=36.5865310%2C50.5676180&z=18&pt=36.5865310%2C50.5676180,pm2rdm"
Ремстройбыт,найдена,green,1,2,2,0,ул. Волчанская / четная; ул. Волчанская / нечетная,ул. Волчанская / четная,HubbMap: можно использовать,HubbMap,60,29.05.2026,15:15,ул. Волчанская / четная; ул. Волчанская / нечетная,Работает в штатном режиме,нет,50.5805220,36.6188300,"https://yandex.ru/maps/?ll=36.6188300%2C50.5805220&z=18&pt=36.6188300%2C50.5805220,pm2rdm"
Ремстройбыт,найдена,orange,2,2,2,0,ул. Волчанская / четная; ул. Волчанская / нечетная,ул. Волчанская / нечетная,HubbMap: можно использовать,HubbMap,61,29.05.2026,15:36,ул. Волчанская / четная; ул. Волчанская / нечетная,Освещение горит постоянно,да,50.5813100,36.6179240,"https://yandex.ru/maps/?ll=36.6179240%2C50.5813100&z=18&pt=36.6179240%2C50.5813100,pm2rdm"
СвятоТроицкий бульвар,найдена,green,1,1,1,0,пр-кт Б. Хмельницкого / четная,пр-кт Б. Хмельницкого / четная,HubbMap: можно использовать,HubbMap,62,01.06.2026,16:32,пр-кт Б. Хмельницкого / четная,Работает в штатном режиме,нет,50.5962380,36.5800330,"https://yandex.ru/maps/?ll=36.5800330%2C50.5962380&z=18&pt=36.5800330%2C50.5962380,pm2rdm"
Сокол,найдена,green,1,1,1,0,пр-кт Б. Хмельницкого / нечетная,пр-кт Б. Хмельницкого / нечетная,HubbMap: проверить,HubbMap,63,01.06.2026,12:20,пр-кт Б. Хмельницкого / нечетная,Работает в штатном режиме,нет,50.6287930,36.5740910,"https://yandex.ru/maps/?ll=36.5740910%2C50.6287930&z=18&pt=36.5740910%2C50.6287930,pm2rdm"
Сосновка,найдена,green,1,2,2,0,ул. Волчанская / четная; ул. Волчанская / нечетная,ул. Волчанская / четная,HubbMap: можно использовать,HubbMap,64,29.05.2026,13:05,ул. Волчанская / четная; ул. Волчанская / нечетная,Работает в штатном режиме,нет,50.5595630,36.6423180,"https://yandex.ru/maps/?ll=36.6423180%2C50.5595630&z=18&pt=36.6423180%2C50.5595630,pm2rdm"
Сосновка,найдена,green,2,2,2,0,ул. Волчанская / четная; ул. Волчанская / нечетная,ул. Волчанская / нечетная,HubbMap: можно использовать,HubbMap,65,29.05.2026,14:12,ул. Волчанская / четная; ул. Волчанская / нечетная,Работает в штатном режиме,нет,50.5600830,36.6421230,"https://yandex.ru/maps/?ll=36.6421230%2C50.5600830&z=18&pt=36.6421230%2C50.5600830,pm2rdm"
Спутник,найдена,green,1,2,2,0,Магистральная / четная; Магистральная / нечетная,Магистральная / четная,HubbMap: проверить,HubbMap,66,01.06.2026,10:33,Магистральная / четная; Магистральная / нечетная,Работает штатном режиме,нет,50.5752540,36.5433270,"https://yandex.ru/maps/?ll=36.5433270%2C50.5752540&z=18&pt=36.5433270%2C50.5752540,pm2rdm"
Спутник,найдена,green,2,2,2,0,Магистральная / четная; Магистральная / нечетная,Магистральная / нечетная,HubbMap: проверить,HubbMap,67,01.06.2026,11:12,Магистральная / четная; Магистральная / нечетная,Работает в штатном режиме,нет,50.5747480,36.5424930,"https://yandex.ru/maps/?ll=36.5424930%2C50.5747480&z=18&pt=36.5424930%2C50.5747480,pm2rdm"
Стадион,найдена,green,1,1,1,0,пр-кт Б. Хмельницкого / четная,пр-кт Б. Хмельницкого / четная,HubbMap: можно использовать,HubbMap,68,01.06.2026,16:19,пр-кт Б. Хмельницкого / четная,Работает в штатном режиме,нет,50.6013730,36.5804680,"https://yandex.ru/maps/?ll=36.5804680%2C50.6013730&z=18&pt=36.5804680%2C50.6013730,pm2rdm"
Стоматологическая поликлиника,найдена,orange,1,1,1,0,ул. Преображенская / четная,ул. Преображенская / четная,HubbMap: можно использовать,HubbMap,69,02.06.2026,14:12,ул. Преображенская / четная,"Питание есть, освещение не работает, монитор не работает",да,50.5977890,36.5964430,"https://yandex.ru/maps/?ll=36.5964430%2C50.5977890&z=18&pt=36.5964430%2C50.5977890,pm2rdm"
Стройучасток,найдена,green,1,2,2,0,ул. Сумская / четная; ул. Сумская / нечетная,ул. Сумская / четная,HubbMap: можно использовать,HubbMap,70,02.06.2026,09:58,ул. Сумская / четная; ул. Сумская / нечетная,Работает в штатном режиме,нет,50.6089780,36.5463940,"https://yandex.ru/maps/?ll=36.5463940%2C50.6089780&z=18&pt=36.5463940%2C50.6089780,pm2rdm"
Стройучасток,найдена,orange,2,2,2,0,ул. Сумская / четная; ул. Сумская / нечетная,ул. Сумская / нечетная,HubbMap: можно использовать,HubbMap,71,02.06.2026,11:56,ул. Сумская / четная; ул. Сумская / нечетная,"Не работает монитор, освещение работает штатно",да,50.6094620,36.5454070,"https://yandex.ru/maps/?ll=36.5454070%2C50.6094620&z=18&pt=36.5454070%2C50.6094620,pm2rdm"
Телевышка,не хватает,red,1,1,0,1,ул. Костюкова / нечетная,ул. Костюкова / нечетная,HubbMap: можно использовать,HubbMap,,,,,,нет,50.5786810,36.5811490,"https://yandex.ru/maps/?ll=36.5811490%2C50.5786810&z=18&pt=36.5811490%2C50.5786810,pm2rdm"
Технический лицей (Мега Гринн),найдена,orange,1,2,2,0,пр-кт Б. Хмельницкого / четная; пр-кт Б. Хмельницкого / нечетная,пр-кт Б. Хмельницкого / четная,HubbMap: можно использовать,HubbMap,72,01.06.2026,11:56,пр-кт Б. Хмельницкого / четная; пр-кт Б. Хмельницкого / нечетная,Работает в штатном режиме. Разбито стекло.,да,50.6325850,36.5729470,"https://yandex.ru/maps/?ll=36.5729470%2C50.6325850&z=18&pt=36.5729470%2C50.6325850,pm2rdm"
Технический лицей (Мега Гринн),найдена,orange,2,2,2,0,пр-кт Б. Хмельницкого / четная; пр-кт Б. Хмельницкого / нечетная,пр-кт Б. Хмельницкого / нечетная,HubbMap: можно использовать,HubbMap,73,01.06.2026,12:02,пр-кт Б. Хмельницкого / четная; пр-кт Б. Хмельницкого / нечетная,Работает в штатном режиме. Отсутствует замок на электрощитке,да,50.6324740,36.5723990,"https://yandex.ru/maps/?ll=36.5723990%2C50.6324740&z=18&pt=36.5723990%2C50.6324740,pm2rdm"
ТПУ Старый город,найдена,green,1,1,1,0,ул. Корочанская / нечетная,ул. Корочанская / нечетная,HubbMap: можно использовать,HubbMap,74,02.06.2026,13:24,ул. Корочанская / нечетная,Работает в штатном режиме,нет,50.6243350,36.6496470,"https://yandex.ru/maps/?ll=36.6496470%2C50.6243350&z=18&pt=36.6496470%2C50.6243350,pm2rdm"
ТРЦ РИО,найдена,green,1,1,1,0,пр-кт Б. Хмельницкого / нечетная,пр-кт Б. Хмельницкого / нечетная,HubbMap: можно использовать,HubbMap,75,01.06.2026,11:32,пр-кт Б. Хмельницкого / нечетная,Работает в штатном режиме,нет,50.6414580,36.5698560,"https://yandex.ru/maps/?ll=36.5698560%2C50.6414580&z=18&pt=36.5698560%2C50.6414580,pm2rdm"
ул. Белинского,найдена,green,1,1,1,0,Красноармейская / нечетная,Красноармейская / нечетная,HubbMap: можно использовать,HubbMap,76,01.06.2026,11:43,Красноармейская / нечетная,Работает в штатном режиме,нет,50.5850640,36.5540310,"https://yandex.ru/maps/?ll=36.5540310%2C50.5850640&z=18&pt=36.5540310%2C50.5850640,pm2rdm"
ул. Волчанская,найдена,green,1,1,1,0,ул. Костюкова / четная,ул. Костюкова / четная,HubbMap: проверить,HubbMap,77,29.05.2026,15:40,ул. Костюкова / четная,Работает в штатном режиме,нет,50.5776590,36.6219770,"https://yandex.ru/maps/?ll=36.6219770%2C50.5776590&z=18&pt=36.6219770%2C50.5776590,pm2rdm"
ул. Ворошилова,найдена,green,1,1,1,0,Магистральная / четная,Магистральная / четная,HubbMap: можно использовать,HubbMap,78,01.06.2026,10:46,Магистральная / четная,Работает в штатном режиме,нет,50.5705490,36.5331350,"https://yandex.ru/maps/?ll=36.5331350%2C50.5705490&z=18&pt=36.5331350%2C50.5705490,pm2rdm"
ул. Гагарина,найдена,green,1,2,2,0,пр-кт Б. Хмельницкого / четная; пр-кт Б. Хмельницкого / нечетная,пр-кт Б. Хмельницкого / четная,HubbMap: можно использовать,HubbMap,79,01.06.2026,14:46,пр-кт Б. Хмельницкого / четная; пр-кт Б. Хмельницкого / нечетная,Работает в штатном режиме,нет,50.6166050,36.5773140,"https://yandex.ru/maps/?ll=36.5773140%2C50.6166050&z=18&pt=36.5773140%2C50.6166050,pm2rdm"
ул. Гагарина,найдена,green,2,2,2,0,пр-кт Б. Хмельницкого / четная; пр-кт Б. Хмельницкого / нечетная,пр-кт Б. Хмельницкого / нечетная,HubbMap: можно использовать,HubbMap,80,01.06.2026,14:51,пр-кт Б. Хмельницкого / четная; пр-кт Б. Хмельницкого / нечетная,Работает в штатном режиме,нет,50.6181200,36.5770420,"https://yandex.ru/maps/?ll=36.5770420%2C50.6181200&z=18&pt=36.5770420%2C50.6181200,pm2rdm"
ул. Магистральная,найдена,green,1,2,2,0,Магистральная / четная; Магистральная / нечетная,Магистральная / четная,HubbMap: можно использовать,HubbMap,81,01.06.2026,10:40,Магистральная / четная; Магистральная / нечетная,Работает в штатном режиме,нет,50.5854100,36.6883390,"https://yandex.ru/maps/?ll=36.6883390%2C50.5854100&z=18&pt=36.6883390%2C50.5854100,pm2rdm"
ул. Магистральная,найдена,green,2,2,2,0,Магистральная / четная; Магистральная / нечетная,Магистральная / нечетная,HubbMap: можно использовать,HubbMap,82,01.06.2026,11:06,Магистральная / четная; Магистральная / нечетная,Работает в штатном режиме,нет,50.5719550,36.5371950,"https://yandex.ru/maps/?ll=36.5371950%2C50.5719550&z=18&pt=36.5371950%2C50.5719550,pm2rdm"
ул. Танкистов,найдена,orange,1,2,2,0,ул. Корочанская / четная; ул. Корочанская / нечетная,ул. Корочанская / четная,HubbMap: можно использовать,HubbMap,83,01.06.2026,17:26,ул. Корочанская / четная; ул. Корочанская / нечетная,Работает в штатном режиме. Разбито стекло,да,50.6070020,36.6370340,"https://yandex.ru/maps/?ll=36.6370340%2C50.6070020&z=18&pt=36.6370340%2C50.6070020,pm2rdm"
ул. Танкистов,найдена,green,2,2,2,0,ул. Корочанская / четная; ул. Корочанская / нечетная,ул. Корочанская / нечетная,HubbMap: можно использовать,HubbMap,84,02.06.2026,13:56,ул. Корочанская / четная; ул. Корочанская / нечетная,Работает в штатном режиме,нет,50.6074190,36.6375450,"https://yandex.ru/maps/?ll=36.6375450%2C50.6074190&z=18&pt=36.6375450%2C50.6074190,pm2rdm"
ул. Чичерина,найдена,green,1,2,2,0,ул. Сумская / четная; ул. Сумская / нечетная,ул. Сумская / четная,HubbMap: можно использовать,HubbMap,85,02.06.2026,10:03,ул. Сумская / четная; ул. Сумская / нечетная,Работает в штатном режиме,нет,50.6126650,36.5364030,"https://yandex.ru/maps/?ll=36.5364030%2C50.6126650&z=18&pt=36.5364030%2C50.6126650,pm2rdm"
ул. Чичерина,найдена,green,2,2,2,0,ул. Сумская / четная; ул. Сумская / нечетная,ул. Сумская / нечетная,HubbMap: можно использовать,HubbMap,86,02.06.2026,11:47,ул. Сумская / четная; ул. Сумская / нечетная,Работает в штатном режиме,нет,50.6135390,36.5342690,"https://yandex.ru/maps/?ll=36.5342690%2C50.6135390&z=18&pt=36.5342690%2C50.6135390,pm2rdm"
Улица Губкина,найдена,green,1,2,2,0,ул. Королёва / четная; ул. Королёва / нечетная,ул. Королёва / четная,HubbMap: можно использовать,HubbMap,87,01.06.2026,14:49,ул. Королёва / четная; ул. Королёва / нечетная,Работает в штатном режиме,нет,50.5719200,36.5881000,"https://yandex.ru/maps/?ll=36.5881000%2C50.5719200&z=18&pt=36.5881000%2C50.5719200,pm2rdm"
Улица Губкина,найдена,green,2,2,2,0,ул. Королёва / четная; ул. Королёва / нечетная,ул. Королёва / нечетная,HubbMap: можно использовать,HubbMap,88,01.06.2026,14:55,ул. Королёва / четная; ул. Королёва / нечетная,Работает в штатном режиме,нет,50.5724380,36.5868320,"https://yandex.ru/maps/?ll=36.5868320%2C50.5724380&z=18&pt=36.5868320%2C50.5724380,pm2rdm"
Улица Кутузова,не хватает,red,1,1,0,1,пр-кт Б. Хмельницкого / четная,пр-кт Б. Хмельницкого / четная,HubbMap: можно использовать,HubbMap,,,,,,нет,50.6467760,36.5683770,"https://yandex.ru/maps/?ll=36.5683770%2C50.6467760&z=18&pt=36.5683770%2C50.6467760,pm2rdm"
Улица Пушкина (дом быта),найдена,green,1,1,1,0,ул. Преображенская / четная,ул. Преображенская / четная,HubbMap: можно использовать,HubbMap,89,01.06.2026,16:16,ул. Преображенская / четная,Работает в штатном режиме,нет,50.6001150,36.5791120,"https://yandex.ru/maps/?ll=36.5791120%2C50.6001150&z=18&pt=36.5791120%2C50.6001150,pm2rdm"
Улица Свободная (магазин Новация),найдена,green,1,1,1,0,ул. Преображенская / четная,ул. Преображенская / четная,HubbMap: можно использовать,HubbMap,91,01.06.2026,17:13,ул. Преображенская / четная,Работает в штатном режиме,нет,50.6014430,36.5687950,"https://yandex.ru/maps/?ll=36.5687950%2C50.6014430&z=18&pt=36.5687950%2C50.6014430,pm2rdm"
Улица Студенческая,найдена,green,1,1,1,0,ул. Садовая / нечетная,ул. Садовая / нечетная,HubbMap: можно использовать,HubbMap,92,02.06.2026,12:11,ул. Садовая / нечетная,Работает в штатном режиме,нет,50.6226940,36.5852020,"https://yandex.ru/maps/?ll=36.5852020%2C50.6226940&z=18&pt=36.5852020%2C50.6226940,pm2rdm"
Цемзавод,найдена,orange,1,2,2,0,ул. Сумская / четная; ул. Сумская / нечетная,ул. Сумская / четная,HubbMap: можно использовать,HubbMap,93,02.06.2026,09:47,ул. Сумская / четная; ул. Сумская / нечетная,"Не работает монитор, освещение работает штатно",да,50.6050700,36.5553870,"https://yandex.ru/maps/?ll=36.5553870%2C50.6050700&z=18&pt=36.5553870%2C50.6050700,pm2rdm"
Цемзавод,найдена,green,2,2,2,0,ул. Сумская / четная; ул. Сумская / нечетная,ул. Сумская / нечетная,HubbMap: можно использовать,HubbMap,94,02.06.2026,12:02,ул. Сумская / четная; ул. Сумская / нечетная,Работает в штатном режиме,нет,50.6060170,36.5533190,"https://yandex.ru/maps/?ll=36.5533190%2C50.6060170&z=18&pt=36.5533190%2C50.6060170,pm2rdm"
Чародейка,не хватает,red,1,1,0,1,пр-кт Ватутина / нечетная,пр-кт Ватутина / нечетная,HubbMap: можно использовать,HubbMap,,,,,,нет,50.5699300,36.5841560,"https://yandex.ru/maps/?ll=36.5841560%2C50.5699300&z=18&pt=36.5841560%2C50.5699300,pm2rdm"
Чумичова,найдена,green,1,1,1,0,ул. Преображенская / четная,ул. Преображенская / четная,HubbMap: можно использовать,HubbMap,95,02.06.2026,09:52,ул. Преображенская / четная,Работает в штатном режиме,нет,50.5984380,36.5916360,"https://yandex.ru/maps/?ll=36.5916360%2C50.5984380&z=18&pt=36.5916360%2C50.5984380,pm2rdm"
Шаландина,найдена,green,1,2,2,0,ул. Губкина / нечетная; ул. Губкина / четная,ул. Губкина / нечетная,HubbMap: можно использовать,HubbMap,96,01.06.2026,13:12,ул. Губкина / нечетная; ул. Губкина / четная,Работает в штатном режиме,нет,50.5668310,36.5763570,"https://yandex.ru/maps/?ll=36.5763570%2C50.5668310&z=18&pt=36.5763570%2C50.5668310,pm2rdm"
Шаландина,найдена,green,2,2,2,0,ул. Губкина / нечетная; ул. Губкина / четная,ул. Губкина / четная,HubbMap: можно использовать,HubbMap,97,01.06.2026,13:31,ул. Губкина / нечетная; ул. Губкина / четная,Работает в штатном режиме,нет,50.5667900,36.5777450,"https://yandex.ru/maps/?ll=36.5777450%2C50.5667900&z=18&pt=36.5777450%2C50.5667900,pm2rdm"
Швейная фабрика,найдена,orange,1,2,2,0,пр-кт Б. Хмельницкого / четная; пр-кт Б. Хмельницкого / нечетная,пр-кт Б. Хмельницкого / четная,HubbMap: можно использовать,HubbMap,98,01.06.2026,13:59,пр-кт Б. Хмельницкого / четная; пр-кт Б. Хмельницкого / нечетная,Работает в штатном режиме. Разбито стекло,да,50.6249970,36.5752110,"https://yandex.ru/maps/?ll=36.5752110%2C50.6249970&z=18&pt=36.5752110%2C50.6249970,pm2rdm"
Швейная фабрика,найдена,green,2,2,2,0,пр-кт Б. Хмельницкого / четная; пр-кт Б. Хмельницкого / нечетная,пр-кт Б. Хмельницкого / нечетная,HubbMap: можно использовать,HubbMap,99,01.06.2026,14:05,пр-кт Б. Хмельницкого / четная; пр-кт Б. Хмельницкого / нечетная,Работает в штатном режиме,нет,50.6238650,36.5750640,"https://yandex.ru/maps/?ll=36.5750640%2C50.6238650&z=18&pt=36.5750640%2C50.6238650,pm2rdm"
Школа № 24,найдена,green,1,2,2,0,ул. Корочанская / четная; ул. Корочанская / нечетная,ул. Корочанская / четная,HubbMap: можно использовать,HubbMap,100,02.06.2026,13:15,ул. Корочанская / четная; ул. Корочанская / нечетная,Работает в штатном режиме,нет,50.6149110,36.6410670,"https://yandex.ru/maps/?ll=36.6410670%2C50.6149110&z=18&pt=36.6410670%2C50.6149110,pm2rdm"
Школа № 24,найдена,green,2,2,2,0,ул. Корочанская / четная; ул. Корочанская / нечетная,ул. Корочанская / нечетная,HubbMap: можно использовать,HubbMap,101,02.06.2026,13:51,ул. Корочанская / четная; ул. Корочанская / нечетная,Работает в штатном режиме,нет,50.6145640,36.6404640,"https://yandex.ru/maps/?ll=36.6404640%2C50.6145640&z=18&pt=36.6404640%2C50.6145640,pm2rdm"
Школа № 33,найдена,orange,1,2,2,0,ул. Сумская / четная; ул. Сумская / нечетная,ул. Сумская / четная,HubbMap: проверить,HubbMap,102,02.06.2026,10:31,ул. Сумская / четная; ул. Сумская / нечетная,Нет питания,да,50.6253630,36.4990000,"https://yandex.ru/maps/?ll=36.4990000%2C50.6253630&z=18&pt=36.4990000%2C50.6253630,pm2rdm"
Школа № 33,найдена,orange,2,2,2,0,ул. Сумская / четная; ул. Сумская / нечетная,ул. Сумская / нечетная,HubbMap: проверить,HubbMap,103,02.06.2026,11:18,ул. Сумская / четная; ул. Сумская / нечетная,Нет питания,да,50.6247780,36.4997630,"https://yandex.ru/maps/?ll=36.4997630%2C50.6247780&z=18&pt=36.4997630%2C50.6247780,pm2rdm"
Шоссейная,найдена,green,1,2,2,0,пр-кт Б. Хмельницкого / четная; пр-кт Б. Хмельницкого / нечетная,пр-кт Б. Хмельницкого / четная,HubbMap: можно использовать,HubbMap,104,01.06.2026,11:03,пр-кт Б. Хмельницкого / четная; пр-кт Б. Хмельницкого / нечетная,Работает в штатном режиме,нет,50.6521700,36.5663650,"https://yandex.ru/maps/?ll=36.5663650%2C50.6521700&z=18&pt=36.5663650%2C50.6521700,pm2rdm"
Шоссейная,найдена,green,2,2,2,0,пр-кт Б. Хмельницкого / четная; пр-кт Б. Хмельницкого / нечетная,пр-кт Б. Хмельницкого / нечетная,HubbMap: можно использовать,HubbMap,105,01.06.2026,11:07,пр-кт Б. Хмельницкого / четная; пр-кт Б. Хмельницкого / нечетная,Работает в штатном режиме,нет,50.6514210,36.5660760,"https://yandex.ru/maps/?ll=36.5660760%2C50.6514210&z=18&pt=36.5660760%2C50.6514210,pm2rdm"
Энергомаш,найдена,green,1,1,1,0,пр-кт Б. Хмельницкого / нечетная,пр-кт Б. Хмельницкого / нечетная,HubbMap: проверить,HubbMap,106,01.06.2026,15:25,пр-кт Б. Хмельницкого / нечетная,Работает в штатном режиме,нет,50.6051040,36.5804170,"https://yandex.ru/maps/?ll=36.5804170%2C50.6051040&z=18&pt=36.5804170%2C50.6051040,pm2rdm"
Юнэкт,не хватает,red,1,1,0,1,ул. Корочанская / нечетная,ул. Корочанская / нечетная,HubbMap: можно использовать,HubbMap,,,,,,нет,50.5912840,36.6268490,"https://yandex.ru/maps/?ll=36.6268490%2C50.5912840&z=18&pt=36.6268490%2C50.5912840,pm2rdm"
